Step,Full System,No Calibration,No World Model
0,61367816.143563,61367816.143563,53465705.88229
1,43581493.421158,64037409.033839,53146629.416991
2,40560898.858053,66798208.856742,53146629.416991
